<EmoticonSet>
    <id>3000</id>
    <name>hospital</name>
    <iconUri>01.png</iconUri>
    <iconType>png</iconType>
    <showName>0</showName>
    <bigEmoticon>1</bigEmoticon>
    <rol>6</rol>
    <row>2</row>
    <showDel>0</showDel>

    <Emoticon>
        <id>01</id>
        <name>[赞]</name>
        <iconUri>01.png</iconUri>
        <iconType>png</iconType>
    </Emoticon>

    <Emoticon>
        <id>02</id>
        <name>[开心是富]</name>
        <iconUri>02.png</iconUri>
        <iconType>png</iconType>
    </Emoticon>

    <Emoticon>
        <id>03</id>
        <name>[早安]</name>
        <iconUri>03.png</iconUri>
        <iconType>png</iconType>
    </Emoticon>

    <Emoticon>
        <id>04</id>
        <name>[送你小花]</name>
        <iconUri>04.png</iconUri>
        <iconType>png</iconType>
    </Emoticon>

    <Emoticon>
        <id>05</id>
        <name>[早睡早起]</name>
        <iconUri>05.png</iconUri>
        <iconType>png</iconType>
    </Emoticon>

    <Emoticon>
        <id>06</id>
        <name>[哈哈]</name>
        <iconUri>06.png</iconUri>
        <iconType>png</iconType>
    </Emoticon>

    <Emoticon>
        <id>07</id>
        <name>[厉害了]</name>
        <iconUri>07.png</iconUri>
        <iconType>png</iconType>
    </Emoticon>

    <Emoticon>
        <id>08</id>
        <name>[哦科]</name>
        <iconUri>08.png</iconUri>
        <iconType>png</iconType>
    </Emoticon>

    <Emoticon>
        <id>09</id>
        <name>[按时吃药哦]</name>
        <iconUri>09.png</iconUri>
        <iconType>png</iconType>
    </Emoticon>

    <Emoticon>
        <id>10</id>
        <name>[流泪]</name>
        <iconUri>10.png</iconUri>
        <iconType>png</iconType>
    </Emoticon>

    <Emoticon>
        <id>11</id>
        <name>[拜]</name>
        <iconUri>11.png</iconUri>
        <iconType>png</iconType>
    </Emoticon>

    <Emoticon>
        <id>12</id>
        <name>[无语]</name>
        <iconUri>12.png</iconUri>
        <iconType>png</iconType>
    </Emoticon>

    <Emoticon>
        <id>13</id>
        <name>[爱你哦]</name>
        <iconUri>13.png</iconUri>
        <iconType>png</iconType>
    </Emoticon>

    <Emoticon>
        <id>14</id>
        <name>[早日康复]</name>
        <iconUri>14.png</iconUri>
        <iconType>png</iconType>
    </Emoticon>

    <Emoticon>
        <id>15</id>
        <name>[抱抱]</name>
        <iconUri>15.png</iconUri>
        <iconType>png</iconType>
    </Emoticon>

    <Emoticon>
        <id>16</id>
        <name>[加油]</name>
        <iconUri>16.png</iconUri>
        <iconType>png</iconType>
    </Emoticon>

    <Emoticon>
        <id>17</id>
        <name>[对]</name>
        <iconUri>17.png</iconUri>
        <iconType>png</iconType>
    </Emoticon>

    <Emoticon>
        <id>18</id>
        <name>[错]</name>
        <iconUri>18.png</iconUri>
        <iconType>png</iconType>
    </Emoticon>

    <Emoticon>
        <id>19</id>
        <name>[工作中]</name>
        <iconUri>19.png</iconUri>
        <iconType>png</iconType>
    </Emoticon>

    <Emoticon>
        <id>20</id>
        <name>[来了]</name>
        <iconUri>20.png</iconUri>
        <iconType>png</iconType>
    </Emoticon>

    <Emoticon>
        <id>21</id>
        <name>[运动健康]</name>
        <iconUri>21.png</iconUri>
        <iconType>png</iconType>
    </Emoticon>

    <Emoticon>
        <id>22</id>
        <name>[不开心]</name>
        <iconUri>22.png</iconUri>
        <iconType>png</iconType>
    </Emoticon>

    <Emoticon>
        <id>23</id>
        <name>[击掌]</name>
        <iconUri>23.png</iconUri>
        <iconType>png</iconType>
    </Emoticon>

    <Emoticon>
        <id>24</id>
        <name>[我们一起面对]</name>
        <iconUri>24.png</iconUri>
        <iconType>png</iconType>
    </Emoticon>

</EmoticonSet>